,0
0,قابلیت ارتقاٌ
1,هرتز صفحه نمایش
2,Item Dimensions  LxWxH
3,طبقه‌ بندی
4,انتخاب سیستم عامل
5,اقلام داخل جعبه
6,سنسور تاچ آیدی
7,وایفای
8,خروجی تصویر
9,سرعت پورت
10,پورت ها
11,روشنایی صفحه
12,کیفیت صفحه
13,تکنولوژی پنل
14,موتور شبکه عصبی
15,جزئیات GPU
16,گیمینگ
17,تعداد پورت Type-C
18,شناسه گارانتی
19,مشخصات بلندگوها
20,نرخ بروزرسانی نمایشگر
21,نرخ بروز رسانی تصویر
22,تعداد پورتUSB 3.2
23,ODD
24,Interface
25,LED
26,توضيحات سيستم عامل
27,توضيحات باتري
28,طبقه‌بندي
29,توضيحات پورت شبکه Ethernet
30,توضيحات شبکه بي سيم Wi-Fi
31,مشخصات اسپيکر
32,توضيحات وبکم
33,توضيحات درايو نوري
34,درايو نوري
35,توضيحات صفحه نمايش
36,اقلام همراه لپتاب
37,صفحه نمایش جداشونده
38,حافظه اختصاصی پردازنده گرافیک
39,حداکثر سرعت پردازنده
40,شبکه بی‌سیم Wi-Fi
41,"پورت ""HDMI"""
42,						ریزر بلید Razer Blade
43,كاربري
44,ابعاد،بدنه و رنگ لپ تاپ
45,شبکه و ارتباطات
46,چیپ ست Chipset
47,جک هدفون / میکروفن
48,پورت Serial یا COM
49,پشتیبانی از G-SYNC
50,شبکه بی‌سیم WIFI
51,رایتر
52,بک لایت
53,پورت سیمکارت
54,پورت thunderbolt 3
55,پورت Thunderbolt 2
56,پورت USB-c
57,پورت mini display
58,پورت RJ-11
59,پورت eSATA USB 2.0
60,رم قابل ارتقا تا
61,دکمه های فیزیکی
62,متعلقات داخل جعبه
63,دوربین / مالتی مدیا
64,عمر باتری در هربار شارژ
65,مشخصات ظاهری
66,امکانات.توضیحات پورت Thunderbolt
67,امکانات.توضیحات شبکه بی سیم Wi-Fi
68,امکانات.توضیحات وبکم
69,صفحه نمایش.توضیحات صفحه نمایش
70,امکانات.پورت Serial
71,امکانات.پورت Thunderbolt
72,امکانات.مودم
73,جزئیات طراحی خاص
74,مشخصات ویژه
75,توان افزایشی گرافیک
76,توضیحات شبکه بی سیم
77,رده کاربردی
78,وزن کالا
79,نرم افزار روی دستگاه
80,متعلقات دستگاه
81,سنسورهای دستگاه
82,دوربین و صدا
83,پورت ها و درگاه ها
84,شبکه ها
85,مشخصات کیبورد دستگاه
86,مشخصات نمایشگر
87,ظاهر دستگاه
88,تعداد پورت type-C
89,نوع صفحه نمایش لپ تاپ
90,مشخصات وب‌کم
91,توضیحات شبکه WiFi
92,پشتيباني از کارت حافظه جانبي
93,درگاه سیم کارت
94,نورپردازی
95,قدرت صدا
96,پشتیبانی از نمایشگر خارجی
97,سایر توضحات / اقلام همراه
98,پورت های دستگاه
99,بلند گوی داخلی
100,پورت های خروجی تصویر
101,درگاه های ارتباطی
102,تعداد رنگ
103,وزن لپ تاپ
104,ابعاد لپ تاپ
105,مدیریت امنیت
106,نرم افزارهای موجود
107,Expansion Slots (سایر اسلات ها)
108,کنترلر صدا و اسپیکر
109,ورودی و خروجی لپ‌تاپ
110,گزینه های ذخیره سازی (نوع و مقدار)
111,کارایی و رده بندی
112,شارژ دهی باطری
113,شبکه بی سیم wi-fi
114,قابلیت های شارژ
115,سایر مشخصات.توضیحات باتری
116,جک هدفون AUX
117,باتری جداشدنی
118,مشخصات بلوتوث
119,کارت خوان (Card Reader)
120,پورت شبکه (Ethernet)
121,مشخصات شبکه بیسیم
122,کارت شبکه بیسیم (WiFi)
123,نرخ بروزرسانی
124,تعداد اسلات RAM
125,فرکانس (سرعت)
126,پارت نامبر
127,ساختار بدنه
128,قابلیت کار با سرفیس دایال
129,امنیت
130,سایر نرم افزارها
131,امکانات ویژه جنبی
132,امکانات نرم افزاری	
133,امکانات ویژه	
134,DVD/RW
135,پورت و درگاه ها
136,مشخصات صفحه نمایش
137,External Ports
138,other Features
139,Device health
140,درگاه USB Type-A نسل سوم
141,درگاه USB Type-A نسل دوم
142,Hard Drive Rotational Speed
143,Voltage
144,امکان ارتقاء رم تا
145,وزن تقریبی کالا
146,سازگاری با نرم افزارها
147,استاندارد دوام محصول
148,تعداد درگاه خروجی
149,مشخصات پورت Thunderbolt
150,سنسور های امنیتی
151,درگاه Lightning
152,درگاه USB-A
153,نرخ نوسازی تصاویر
154,تعداد پورت USB2.0
155,درگاه ها
156,سایکل باطری
157,فرکانس کاری پردازنده
158,مشخصات سیم کارت
159,پشتیبانی از سیم کارت
160,توضیحات 
161,گرید و وضعیت 
162,رنگ
163,وزن 
164,درگاه USB 3.1
165,نورپردازی RGB
166,مدت زمان استفاده پیوسته
167,شبکه Wifi
168,شبکه Ethernet
169,پورت mini DisplayPort
170,فرکانس در حالت توربو
171,کانفیگ
172,قابلیت‌های دستگاه
173,مشخصات
174,امکانات.تعداد پورت USB 2.0
175,امکانات.تعداد پورت USB 3.0
176,زمان پاسخگوئی
177,Ports
178,امکانات جانبی
179,بیت ریت پردازنده گرافیکی
180,حداکثر فرکانس پردازنده
181,رشته
182,امکانات ديگر
183,ساير مشخصات
184,صفحه نمايش مات
185,دقت صفحه نمايش
186,نوع صفحه نمايش
187,امکانات نرم افزاری
188,سایر ویژگیها
189,فناوری پخش صوتی
190,فرمتهای پخش صوتی
191,انعکاس باسیم ویدیو
192,انعکاس بی سیم ویدیو
193,فرمتهای پخش ویدیو
194,ویژگی میکروفن
195,ویژگی اسپیکر
196,اطلاعات سیستم احراز هویت
197,سایر اقلام سازگار
198,ویژگی قلم و کیبورد استاندارد
199,کیبورد سازگار استاندارد
200,قلم سازگار استاندارد
201,پورت Lightning
202,پورت USB-A
203,رادیو
204,NFC
205,موقعیت یابی
206,مشخصات شبکه بی سیم
207,مشخصات دوربین جلو
208,تعداد لنز دوربین
209,سیستم رنگ صفحه نمایش
210,قابلیت جداسازی حافظه داخلی
211,سرعت حافظه
212,نرم افزارهای داخلی
213,ابعاد دستگاه
214,وضعیت
215,قلم
216,گواهینامه ی دوام
217,نرخ بازنشانی تصویر
218,طول
219,عرض
220,مناسب برای استفاده
221,پورت شبکه RJ45
222,پورت مشترک هدفون/میکروفن
223,کیفیت تصویر
224,WLAN
225,فرم فاکتور
226,رابط اتصال
227,فرکانس کاری رم
228,اقلام درون جعبه
229,Touch ID
230,دروبین
231,Headphone Jack
232,MagSafe 3 port
233,SDXC card slot
234,Thunderbolt 4 (USB-C)
235,سایر ویژگی های صفحه نمایش
236,نرخ های تازه سازی
237,XDR brightness
238,نسبت کنتراست
239,فناوری صفحه نمایش
240,موتور عصبی
241,خروجی صدا
242,توضیحات پورت HDMI
243,توضیحات درایو نوری
244,سیستم عامل لپتاپ
245,نرم افزارهای اختصاصی Alienware
246,کیفیت نمایش
247,قابلیت ارتقاء توان
248,وسایل همراه
249,براساس نوع
250,توضیحات شبکه Ethernet
251,توضیحات
252,فناوری اتصال
253,کاربردهای خاص برای محصول چند رسانه ای
254,نوع سیستم عامل
255,دیگر امکانات
256,پشتیبانی از سیم‌کارت
257,شبکه‌ی بی‌سیم
258,USB 2
259,درگاه USB Type C
260,شبکه وایرلس Wi-Fi
261,پورت LAN
262,DP/Type C
263,پورت USB/ ورژن و نوع
264,Colour Name
265,Primary Camera Resolution
266,Product Height
267,Processor Type
268,Product Width/Depth
269,Product Weight
270,Product Length
271,SIM Type
272,Usage Type
273,SD Card Slot
274,Processor Speed
275,Operating System Version
276,Feature 3
277,Number of HDMI Ports
278,Feature 5
279,Camera Type
280,Number of USB Ports
281,Connection Type
282,Grade
283,Feature 4
284,Country of Origin
285,Keyboard Language
286,Display Resolution Type
287,HDD Rotation
288,HDMI Output
289,Display Resolution
290,سایر پورت ها
291,USB-A
292,Hdmi
293,جک میکروفون
294,USB 3
295,حداکثر مانیتور قابل پشتیبانی
296,پورت Surface Connect
297,رزولوشن دوربین سلفی
298,کیفیت فیلمبرداری دوربین سلفی
299,کیفیت دوربین
300,سیم کارت
301,بلندگو(اسپیکر)
302,نسخه گرافیک
303,مدل پردازنده گرافیکی مجتمع
304,شرکت سازنده پردازنده گرافيکي
305,vga
306,tunderbolt
307,نمره بنچمارک
308,توان مصرفی گرافیک
309,فرکانس حافظه گرافیک
310,باس رم گرافیک
311,پهنایی باند رم گرافیک
312,فرایند ساخت گرافیک
313,فرکانس پایه گرافیک
314,معماری گرافیک
315,پشتیبانی VR
316,توان-پردازنده
317,تکنولوژی-ساخت
318,امتیاز
319,حداکثر-فرکانس
320,فرکانس-پایه
321,باطری
322,ارتباطات
323,دوربین
324,ساير مشخصات.اقلام همراه لپ تاپ
325,ساير مشخصات.امکانات ديگر
326,ساير مشخصات.توضيحات سيستم عامل
327,ساير مشخصات.سيستم عامل
328,ساير مشخصات.طبقه‌بندي
329,usb3-0-number
330,usb2-0-number
331,امکانات.پورت شبکه Ethernet
332,امکانات.شبکه بي سيم Wi-Fi
333,امکانات.توضيحات شبکه بي سيم Wi-Fi
334,امکانات.مشخصات اسپيکر
335,امکانات.درايو نوري
336,صفحه نمايش.توضيحات صفحه نمايش
337,صفحه نمايش.اندازه صفحه نمايش
338,صفحه نمايش.نوع صفحه نمايش
339,صفحه نمايش.دقت صفحه نمايش
340,پردازنده مرکزي.فرکانس پردازنده
341,مشخصات فيزيکي.وزن
342,مشخصات فيزيکي.ابعاد
343,درگاه USB 3.2
344,درایور نوری
345,پورت USB3.0
346,پورت USB3.1
347,پورت USB Type-c
348,پورت Mini Display Port
349,فرکانس پایه پردازنده
350,فرکانس افزایش پردازنده
351,پورت 2.0 USB
352,نوع شبکه بی سیم
353,تعداد سلول باتری
354,انتخاب رنگ
355,پورت دیسپلی (Display port)
356,وای فای
357,USB3
358,پورت کارتخوان
359,سایر
360,تاریخ معرفی
361,مشخصات پردازنده مرکزی
362,مشخصات وبکم
363,میکروفون
364,منبع تغذیه
365,وضوح صفحه
366,صفحه نمایش دوم
367,سازنده اسپیکر
368,فرکانس توربو
369,میزان رطوبت مناسب برای کارکرد
370,دستگاه
371,
372,دمای غیر عملیاتی (در حالت خاموش)
373,دمای مناسب برای کارکرد
374,ویژگی ها
375,ولتاژ برق عملیاتی
376,فرکانس برق عملیاتی
377,نوع کیبورد
378,میکروفن
379,ویژگیهای صفحه نمایش
380,تعداد پورت USB-A
381,تعداد پورت Thunderbolt
382,پورت کارت حافظه
383,پورت لایتنینگ
384,پورت AUX (جک 3/5 میلیمتری)
385,پورت شارژ - برق
386,ویژگی پورتها
387,شبکه بی سیم WiFi
388,دوربین وبکم
389,ویژگیهای دوربین
390,بلندگو (اسپیکر)
391,ویژگیهای اسپیکر
392,قابلیت جداسازی هارد
393,قابلیت ارتقاء حافظه (هارد)
394,سرعت Ram
395,WIFI/ BT
396,Graphic
397,تاندرلولت(Thunderbolt)
398,پورت های دیگر
399,ابعاد صفحه نمایش(Monitor)
400,مناسب کارها و امور
401,توان مصرفی
402,تعداد و نوع اسلات
403,تعداد
404,عمق رنگ
405,درگاه‌های ارتباطی
406,وضعیت بسته بندی محصول
407,رزولوشن نمایشگر
408,پوشش صفحه نمایشگر
409,شبکه بی سیم
410,تعداد پورت های USB 2.0
411,تعداد پورت USB 3.0 و بالاتر
412,کارتخوان
413,نوع کیبورد لپتاپ
414,مدل صفحه نمایش
415,اسلات M.2
416,اتصال WI-FI
417,پورت Display Port
418,پورت USB
419,پورت USB 3
420,سایز لپتاپ
421,اسلات رم
422,نوع کاربری محصول
423,پورت DisPlay
424,دوام باتری
425,قابلیت ارتقای حافظه
426,جک 3.5 میلمیری میکروفن
427,Feature 1
428,Weight
429,Feature 2
430,هدیه
431,تکنولوژی پنل صفحه نمایش
432,سری ساخت
433,مدل لپ تاپ
434,Display
435,امکانات ویژه
436,امکانات کیبورد
437,پردازنده مرکزی.محدوده سرعت پردازنده
438,امکانات.مشخصات تاچ پد
439,سایر مشخصات.طبقه‌بندی
440,سایر مشخصات.نوع باتری
441,سایر مشخصات.توضیحات سیستم عامل
442,ظرفیت اشتراکی گرافیک
443,رنگ لپ تاپ
444,درایو نوری DVD
445,وبکم WebCam
446,نام لاک - NumLock
447,کارتخوان SD
448,تعداد پورت USB 2
449,پورت HDMi
450,وضعیت ظاهری
451,ویژگی قابل توجه
452,پورت هدفن (3.5 میل)
453,اقلام همراه لپتاپ
454,شماره پردازنده
455,نوع حافظه پرسرعت
456,قابلیت ارتقاء هارد
457,بلوتوث داخلی
458,وضعیت دستگاه
459,وضعیت سلامت دستگاه
460,USB 3.1
461,سایر ویژگی ها
462,اتصالات.تعداد پورت USB3 3.2 Gen2
463,بازدهی باتری
464,پورت USB Type A
465,پورت USB Type C
466,پورت اترنت
467,پورت DisplayPort
468,جک 3.5 میلی‌ متری
469,نوع حافظه گرافیک اختصاصی
470,مشخصات فیزیکی
471,امکانات
472,زبان کیبورد
473,پشتیبانی از قلم نوری
474,مشخصات بدنه
475,مشخصات ویژه برای اتصالات
476,مشخصات سیستم عامل
477,نکات برجسته
478,توضیحات پورت Ethernet
479,طبقه‌بندی و کاربرد
480,دقت (Resolution) صفحه نمایش
481,وضعیت صفحه نمایش
482,سرعت رفرش
483,رزلوشن
484,سایز
485,نام مدل
486,وضعیت محصول
487,وزن لپ تاپ (کیلوگرم)
488,توضیحات بدنه و شاسی
489,نوع کارت گرافیک
490,تعداد اسلت رم
491,تعداد نخ
492,توضیحات اسکرین پد
493,فرکانس پردازنده (بر حسب گیگاهرتز)
494,شبکه وایرلس Wi-Fi/ ورژن
495,تعداد اسلات هارد
496,اندازه صفحه نمایش (اینچ)
497,نوع پنل نمایشگر
498,جزئیات صفحه نمایش
499,نوع فروش
500,ضخامت (میلیمتر)
501,پورت USB / ورژن و نوع
502,شبکه LAN
503,USB Type C
504,مشخصات speakers
505,پورت S-video
506,پورت خروجی VGA
507,پورتHDMI
508,شبکه بی سیم wireless
509,دسته بندی
510,CPU Speed
511,توان
512,بازه وات گرافیک
513,Number of USB 2.0 Ports
514,Style
515,Configuration
516,Optical Drive Type
517,درگاه USB 2.0
518,قابلیت جدا شدن باتری
519,پشتیبانی از تاندربولت
520,باتری قابل تعویض
521,تعداد پورت USB 3
522,شبکه وایرلس Wi-Fi / ورژن
523,جک هدفون/میکروفن
524,مناسب کاربری صنعتی و تجاری
525,وب‌کم
526,درگاه کارت‌خوان
527,نوع باتری / قابل تعویض توسط کاربر
528,وضوح و نوع صفحه نمایش
529,فرکانس پردازنده (بر حسب گیگاهرتز )
530,Display Resolution Maximum
531,Memory Speed
532,Hard Drive Interface
533,Rear Webcam Resolution
534,Operating System
535,Number of USB 3.0 Ports
536,Wireless Type
537,Hard Drive
538,Card Description
539,Max Screen Resolution
540,Screen Resolution
541,Item Weight
542,Item Dimensions LxWxH
543,ASIN
544,Customer Reviews
545,Date First Available
546,Best Sellers Rank
547,Batteries
548,Color
549,Item model number
550,Power Source
551,Hardware Platform
552,Series
553,Standing screen display size
554,Product Dimensions
555,سایر امکانات
556,نوع کاربري
557,جک هدفون/ میکروفون
558,صفحه نمایش
559,رفرش ریت (نرخ تازه سازی)
560,شبکه وایرلس
561,جک 3.5 میلی متری
562,سایر اتصالات
563,وزن (گرم)
564,ابعاد (میلی‌متر)
565,نامپد
566,کلاس کاربری
567,Wifi
568,USB Type-C
569,Lan
570,Memory Card Reader
571,جک هندزفری
572,سایر توضیحات صفحه نمایش
573,پشتیبانی از sRGB
574,رنگبندی
575,مزایا
576,پورت USB (mini)
577,سنسور تشخیص چهره
578,condition
579,نوع دستگاه
580,نرخ به‌روزرسانی
581,پورت DVI
582,گرید و وضعیت
583,فیزیکی.ابعاد
584,جنس
585,نوع نمایشگر
586,رزولوشن تصویر
587,پورت AUX
588,درگاه شارژر سرفیس
589,درگاه USB 3.0
590,اتصال Bluetooth
591,wifi
592,پورت type-c
593,سری محصول
594,توضیحات پورت شبکه Ethernet
595,تعداد درگاه USB 3.2
596,کد
597,اسکرین پد
598,پورت 1394
599,پورت ESATA/USB 2.0 COMBO
600,پورت مودم
601,پورت میکروفن
602,پورت هدفون
603,وزن تقریبی
604,شناسه کالا
605,سرعت تصویر
606,قابلیت نصب کارت حافظه
607,نوع کارت حافظه قابل نصب
608,تعداد پورت USB-C Support DP
609,گارانتی
610,قابلیت های دستگاه
611,دقت / رزولوشن
612,تعداد پورت USB-C
613,Mini Display Port
614,پورت تاندربولت
615,پورت Thunderbolt 3
616,درگاه انتقال صدا
617,سایر درگاه ها
618,پورت Mini HDMI
619,پورت Thunderbolt 4
620,پورت شبکه اترنت
621,پورت Thunderbolt USB 4
622,تعداد پورت
623,قابلیت شارژ سریع
624,مدل شارژر
625,نورپردازی بدنه
626,شارژدهی
627,شارژر
628,رنگ بدنه
629,طبقه کاربری
630,وزن لپ ‌تاپ
631,رزولیشن صفحه نمایش
632,پورت Ethernet
633,پورت USB2.0
634,پورت USB3.2
635,DisplayPort
636,پورت D-Sub
637,جک 3.5 میلی‌متری
638,حداکثر وضوح تصویر
639,کیفیت صفحه نمایش
640,نرخ به روزرسانی تصویر
641,زمان پاسخگویی صفحه نمایش
642,طیف رنگی
643,تکنولوژی‌های صفحه نمایش
644,فرکانس پردازنده گرافیکی
645,توان حرارتی پردازنده گرافیکی
646,پشتیبانی از سیستم عامل
647,فرکانس هسته‌های Performance
648,فرکانس هسته‌های Efficient
649,تعداد رشته‌های Efficient
650,محدوده فرکانس پردازنده
651,تعداد رشته‌های Performance
652,فرکانس Turbo پردازنده
653,فرکانس رم
654,نرخ بازسازی تصویر
655,توضیحات شبکه بی سیم WiFi
656,تعداد پورت Type-c
657,نوع کاربرد
658,سایر مشخصات.سیستم عامل
659,پشتیبانی از VR
660,نقاط قوت
661,امکانات.کارت خوان
662,امکانات.شبکه بی سیم Wi-Fi
663,امکانات.بلوتوث
664,امکانات.پورت VGA
665,امکانات.پورت HDMI
666,امکانات.پورت USB Type-C
667,سایر مشخصات.حجم باتری
668,صفحه نمایش.نوع صفحه نمایش
669,صفحه نمایش.دقت صفحه نمایش
670,صفحه نمایش.صفحه نمایش مات
671,صفحه نمایش.صفحه نمایش لمسی
672,امکانات.درایو نوری
673,امکانات.وبکم
674,امکانات.مشخصات اسپیکر
675,نوع سفارش
676,زمان ارسال کالا
677,درگاه Sd
678,مشخصات کلی.وزن
679,مشخصات کلی.ابعاد
680,مشخصات دیگر
681,میزان دور در دقیقه
682,سوئیچ MUX
683,وضوح صفحه نمایش
684,روشنایی صفحه نمایش
685,پوشش رنگ
686,تکنولوژی های صفحه نمایش
687,تعداد پورت دیگر
688,جک 3.5 میلیمتری صدا
689,قطب نما
690,ژیروسکوپ
691,دوربین اصلی
692,شارژ سریع
693,شبکه بي سيم
694,دوربين
695,حداکثر رزولوشن عکس
696,نوع باتري
697,سيستم عامل
698,تراکم پیکسل
699,اسلات سیم کارت
700,شتاب سنج
701,حسگر نور محیط
702,DCI-P3
703,مشخصات شارژر
704,دوربین سلفی
705,بلندگو
706,تکنولوژی هارد
707,پشتیبانی از کارت حافظه
708,نرخ تجدید
709,سایر مشخصات صفحه نمایش
710,وایرلس
711,هدفون
712,تکنولوژی رم
713,درگاه Thunderbolt
714,قابلیت ارتقا حافظه
715,سایر ویژگی های درگاه
716,درگاه کارت حافظه
717,دیگر ویژگی های وبکم
718,مدت زمان مورد نیاز برای شارژ باتری
719,تعداد اجزا
720,توان R.M.S
721,پورت USB 3.0 Gen1 Type-A
722,پورت USB 2.0 Gen1 Type-A
723,پورت Type-C
724,نسخه سیستم عامل
725,محتویات داخل جعبه
726,تراکم پیکسل صفحه نمایش
727,درگاه‌ USB-A
728,درگاه‌ USB-C
729,درگاه‌ Lightening
730,درگاه AUX
731,درگاه Ethernet
732,اتصالات بی سیم
733,سنسورهای امنیتی
734,سنسورهای موقعیت یابی
735,نوع اتصال
736,Mini HDMI
737,مقدار DCI-P3
738,گواهی‌ های نمایشگر
739,G-Sync
740,سرعت حافظه RAM
741,قابلیت اتصال کارت حافظه
742,قابلیت ارتقاء حافظه RAM
743,قابلیت ارتقاء حافظه داخلی
744,رفرش ریت
745,پورت USB 3.2 Gen1 Type-A
746,پورت RJ45 Ethernet
747,مدل گرافیک مجزا
748,حافظه گرافیک مجزا
749,سایر قابلیت‌های صفحه نمایش
750,سایر قابلیت‌های وبکم
751,درگاه USB-2
752,ظرفیت Optane
753,Optimus
754,شبکه WiFi
755,تعداد پورت USB 3.2
756,فرکانس
757,رده صفحه نمایش
758,محدوده زمان پاسخگویی
759,پشتیبانی از DCI-P3
760,بازه فرکانس پردازنده
761,وب کم
762,لوازم همراه دستگاه
763,شرکت سازنده
764,قابلیت ارتقاء HDD
765,قابلیت نصب HDD
766,توان گرافیکی
767,سرعت انتقال اطلاعات
768,اتصالات.تعداد پورت USB2.0
769,اتصالات.تعداد پورت USB3 3.2 Gen1
770,تعداد پورت USB3 Type-C
771,مشخصات پورت USB3 Type-C
772,اتصال Wi-Fi
773,اتصال بلوتوث
774,اتصالات.جک 3.5 میلیمتری
775,تکنولوژی صفحه نمایش
776,فرمت صفحه نمایش
777,رزولوشن صفحه نمایش
778,میزان روشنایی
779,سایر قابلیت ها
780,سایر قابلیت های صفحه نمایش
781,جک 3.5 میلمتری صدا
782,ارتباطات بیسیم
783,درگاه ارتباطی
784,تعداد پورت USB Type C
785,کیفیت فیلمبرداری
786,سایر قابلیت های وبکم
787,کیبورد فارسی
788,نوع
789,مناسب برای
790,کانفیگ اصلی
791,Bluetooth
792,Thunderbolt
793,اسلات ارتقاء SSD
794,نور پس زمینه
795,زاویه بازگشایی
796,سال تولید
797,ویژگی های خاص
798,سایر قابلیت های بدنه
799,نرخ بروزرسانی تصویر
800,وای فای (WIFI)
801,بلوتوث (Bluetooth)
802,پورت USB 2.0
803,پورت USB 3.0
804,پورت USB 3.2
805,تاندربولت Thunderbolt
806,زبان حک شده بر روی صفحه کلید (کیبورد)
807,امکان چرخش ۳۶۰ درجه
808,ابعاد (میلی متر)
809,باس حافظه رم
810,بدنه
811,مناسب کاربری دانشجویی
812,مناسب کاربری مالتی مدیا و خانگی
813,تعداد درگاه USB Type-A 4.0
814,درگاه DVI
815,مناسب کاربری گیمینگ
816,کشور سازنده
817,پورت Mini Display
818,تعداد پورت USB Type-C
819,تعداد پورت USB 3.1
820,پورت FireWire 800
821,تعداد ترانزیستور
822,قابلیت ارتقا رم تا
823,ورژن شبکه Wi-Fi (وایرلس)
824,توضیحات بلوتوث
825,پشتیبانی از Thunderbolt
826,درگاه VGA
827,مناسب کاربری حرفه ای
828,توضیحات درگاه USB Type C
829,درگاه کارت‌ خوان
830,توضیحات وب کم
831,بسته‌ها
832,رده کاربری
833,مدل گرافیک یکپارچه
834,نوع پنل صفحه نمایش
835,نرخ نوسازی تصویر
836,سطح صفحه نمایش
837,توضیحات تکمیلی
838,تعداد پورت USB 2.0
839,تعداد پورت USB 3.0
840,پورت ThunderBolt
841,پورت شبکه
842,پورت هدفن
843,پهنای باند BUS
844,هسته Performance (عملکرد بالا)
845,هسته Efficient (کم مصرف)
846,هسته مجازی(تِرِد)
847,حروف حک شده کیبورد
848,سیستم عامل نصب شده
849,سایر مشخصات
850,گواهی های نمایشگر
851,زمان پاسخگویی
852,Keystone
853,قابلیت ارتقاء SSD
854,برند
855,فرکانس صفحه نمایش
856,تراکم پیکسلی
857,رزولوشن نمایش
858,فرکانس پردازنده در حالت توربو
859,فرکانس (باس) رم
860,wi-fi
861,مشخصات شبکه بی سیم Wi-Fi
862,پورت USB 3.1
863,پورت USB-C
864,نسخه بلوتوث
865,پورت صدا
866,DVD-RW
867,پورت اتصال کیبورد سرفیس
868,رزولوشن دوربین جلو
869,کشورسازنده
870,ساختار و جنس بدنه
871,نور پردازی بدنه
872,ماکس سوئیچ
873,جک 3.5mm
874,درگاه SD Card
875,جنس باتری
876,صفحه کلید اعداد
877,وزن (kg)
878,شبکه بیسیم WiFi
879,پورت USB3
880,پورت USB2
881,پورت Display
882,قابلیت جداسازی باتری
883,طبقه بندی
884,اقلام همراه دستگاه
885,فرکانس پردازنده
886,قابلیت ارتقای رم
887,نوع و باس رم
888,حافظه رم (Ram)
889,قابلیت ارتقا رم
890,فرکانس حافظه رم
891,کارت‌خوان
892,سایر توضیحات
893,شبکه بی‌سیم WiFi
894,شبکه اترنت (Ethernet)
895,درگاه USB-3
896,درگاه USB-C
897,توضیحات درگاه USB
898,جک 3.5 میلی‌متری صدا
899,توضیحات تکمیلی صدا
900,سایر قابلیت‌های باتری
901,سرعت
902,سایر قابلیت‌های بدنه
903,شدت روشنایی
904,نسبت ابعاد صفحه نمایش
905,پوشش سطح صفحه نمایش
906,نرخ تازه سازی تصویر
907,سایر مشخصات مهم
908,نوع باتری/ قابل تعویض توسط کاربر
909,توان شارژر
910,نوع کاربری
911,رنگ بندی
912,ویژگی‌های خاص
913,تاچ پد
914,شبکه Wi-Fi
915,درگاه شبکه LAN
916,تعداد درگاه USB 3.0 Type A و بالاتر
917,تعداد درگاه USB 2.0 Type A
918,تعداد درگاه USB Type C
919,جک هدفون/ میکروفن
920,درگاه HDMI
921,اسپیکر
922,وب‌ کم
923,قابلیت ارتقا
924,تعداد رشته (Thread)
925,فناوری ساخت
926,نور پس‌ زمینه LED
927,میزان روشنایی صفحه نمایش
928,پوشش نمایشگر
929,توضیحات سیستم عامل
930,امکانات دیگر
931,اقلام همراه لپ تاپ
932,فیلتر برند
933,فیلتر پردازنده
934,فیلتر رم
935,فیلتر حافظه داخلی
936,فیلتر کارت گرافیک
937,فیلتر صفحه نمایش
938,مشخصات تاچ پد
939,کارت خوان
940,مودم
941,شبکه بی سیم Wi-Fi
942,توضیحات شبکه بی سیم Wi-Fi
943,پورت شبکه Ethernet
944,پورت VGA
945,پورت HDMI
946,پورت USB Type-C
947,پورت Thunderbolt
948,توضیحات پورت Thunderbolt
949,پورت Serial
950,پورت USB 4.0
951,تعداد پورت USB 4.0
952,طبقه‌بندی
953,نوع صفحه نمایش
954,دقت صفحه نمایش
955,توضیحات صفحه نمایش
956,توضیحات وبکم
957,مشخصات اسپیکر
958,ابعاد
959,سازنده پردازنده
960,محدوده سرعت پردازنده
961,صفحه اعداد
962,بلندگو داخلی
963,قدرت بلندگو
964,فناوری‌
965,نوع وبکم
966,نوع باتری
967,فناوری باتری
968,اسلات ارتقاء HDD
969,داریو نوری
970,کارت حافظه‌خوان
971,Wi-Fi
972,USB2.0
973,USB3.0
974,USB3.1
975,USB3.2
976,USB-C
977,Mini-Display
978,جک هدفون
979,قابلیت افزایش توان
980,نوع پنل
981,نرخ نوسازی
982,قابلیت لمس
983,ضد انعکاس نور
984,سایر ویژگی‌ها
985,سرعت حافظه رم
986,قابلیت ارتقاء
987,گرافیک یکپارچه/آن‌بُرد
988,فرکانس آورکلاک
989,تعداد اسپیکر
990,نوع اسپیکر
991,تعداد فن
992,محتویات جعبه
993,نوع کالا
994,برند کالا
995,سری کالا
996,مدل کالا
997,رنگ
998,توان گرافیک
999,توان افزایشی
1000,DirectX
1001,PCIe
1002,نوع نمایش تصویر
1003,نسبت تصویر
1004,Adobe RGB
1005,sRGB
1006,Type-C
1007,USB 3.2
1008,جنس باطری
1009,میزان شارژ دهی
1010,توان آداپتور
1011,تعداد اسلات رم
1012,مصرف برق پردازنده
1013,فناوری ساخت پردازنده
1014,سیستم عامل
1015,وبکم
1016,تاچ پد چند لمسی
1017,اقلام همراه
1018,سخت افزار
1019,ابعاد (طول × عرض × ارتفاع)
1020,وزن
1021,کاربری
1022,کشور برند
1023,جنس بدنه
1024,قابلیت جدا شدن باطری
1025,درایو نوری
1026,بلوتوث
1027,WiFi
1028,Type C
1029,USB 3.0
1030,USB 2.0
1031,Display Port
1032,HDMI
1033,VGA
1034,جک 3.5 میلیمتری
1035,LAN
1036,درگاه حافظه
1037,نرخ تصویر
1038,سایز صفحه نمایش (اینچ)
1039,پنل تصویر
1040,وضوح تصویر
1041,رزولوشن
1042,نوع رم
1043,باس رم
1044,فرکانس پایه
1045,فرکانس افزایشی
1046,وزن (کیلوگرم)
1047,ابعاد (میلیمتر)
1048,Unnamed: 0.3
1049,Unnamed: 0.2
1050,Unnamed: 0.1
1051,Unnamed: 0
1052,
